CREATE TABLE clientes (
    cliente_id SERIAL PRIMARY KEY,
    nombre VARCHAR(50),
    ciudad VARCHAR(50)
);


insert into clientes (cliente_id, nombre, ciudad) values (1, 'Sheila', 'Santa Lucia');
insert into clientes (cliente_id, nombre, ciudad) values (2, 'Tera', 'Baisha');
insert into clientes (cliente_id, nombre, ciudad) values (3, 'Westleigh', 'Tlogowungu');
insert into clientes (cliente_id, nombre, ciudad) values (4, 'Torrin', 'Chaguaní');
insert into clientes (cliente_id, nombre, ciudad) values (5, 'Derward', 'Mrzezino');
insert into clientes (cliente_id, nombre, ciudad) values (6, 'Karrie', 'Xuchang');
insert into clientes (cliente_id, nombre, ciudad) values (7, 'Rudy', 'Jieguanting');
insert into clientes (cliente_id, nombre, ciudad) values (8, 'Cornell', 'Canalete');
insert into clientes (cliente_id, nombre, ciudad) values (9, 'Hart', 'Chaniá');
insert into clientes (cliente_id, nombre, ciudad) values (10, 'Noble', 'Sokarame');
insert into clientes (cliente_id, nombre, ciudad) values (11, 'Nata', 'Caburan');
insert into clientes (cliente_id, nombre, ciudad) values (12, 'Orv', 'Tubel');
insert into clientes (cliente_id, nombre, ciudad) values (13, 'Dredi', 'Cova da Iria');
insert into clientes (cliente_id, nombre, ciudad) values (14, 'Delcina', 'Batan');
insert into clientes (cliente_id, nombre, ciudad) values (15, 'Karna', 'Veselí nad Moravou');
insert into clientes (cliente_id, nombre, ciudad) values (16, 'Moll', 'Yurovka');
insert into clientes (cliente_id, nombre, ciudad) values (17, 'Jarib', 'Doudleby nad Orlicí');
insert into clientes (cliente_id, nombre, ciudad) values (18, 'Christabella', 'Sarpsborg');
insert into clientes (cliente_id, nombre, ciudad) values (19, 'Drake', 'Zielona Góra');
insert into clientes (cliente_id, nombre, ciudad) values (20, 'Virginie', 'Patquía');
insert into clientes (cliente_id, nombre, ciudad) values (21, 'Lukas', 'Namikupa');
insert into clientes (cliente_id, nombre, ciudad) values (22, 'Lesya', 'Zuoxi');
insert into clientes (cliente_id, nombre, ciudad) values (23, 'Alida', 'Meishan');
insert into clientes (cliente_id, nombre, ciudad) values (24, 'Michele', 'Sumisip');
insert into clientes (cliente_id, nombre, ciudad) values (25, 'Merrile', 'Zmiyëvka');
insert into clientes (cliente_id, nombre, ciudad) values (26, 'Ritchie', 'Penedo');
insert into clientes (cliente_id, nombre, ciudad) values (27, 'Nickie', 'Conroe');
insert into clientes (cliente_id, nombre, ciudad) values (28, 'Chryste', 'Buenavista');
insert into clientes (cliente_id, nombre, ciudad) values (29, 'Inger', 'Quận Tân Phú');
insert into clientes (cliente_id, nombre, ciudad) values (30, 'Marline', 'Kastélli');
insert into clientes (cliente_id, nombre, ciudad) values (31, 'Joete', 'Jhingergācha');
insert into clientes (cliente_id, nombre, ciudad) values (32, 'Kellsie', 'Unquillo');
insert into clientes (cliente_id, nombre, ciudad) values (33, 'Ancell', 'Poříčany');
insert into clientes (cliente_id, nombre, ciudad) values (34, 'Winn', 'Mbinga');
insert into clientes (cliente_id, nombre, ciudad) values (35, 'Allegra', 'Palos');
insert into clientes (cliente_id, nombre, ciudad) values (36, 'Inglis', 'Mozi');
insert into clientes (cliente_id, nombre, ciudad) values (37, 'Kennan', 'Komorów');
insert into clientes (cliente_id, nombre, ciudad) values (38, 'Stanfield', 'Néos Mylótopos');
insert into clientes (cliente_id, nombre, ciudad) values (39, 'Freeland', 'Ash Shajarah');
insert into clientes (cliente_id, nombre, ciudad) values (40, 'Keith', 'Kushtia');
insert into clientes (cliente_id, nombre, ciudad) values (41, 'Shayna', 'Bollnäs');
insert into clientes (cliente_id, nombre, ciudad) values (42, 'Ingaberg', 'Hrušica');
insert into clientes (cliente_id, nombre, ciudad) values (43, 'Gardiner', 'Tuusniemi');
insert into clientes (cliente_id, nombre, ciudad) values (44, 'Renaud', 'Huntington');
insert into clientes (cliente_id, nombre, ciudad) values (45, 'Marcelia', 'Hưng Yên');
insert into clientes (cliente_id, nombre, ciudad) values (46, 'Gallagher', 'Łagów');
insert into clientes (cliente_id, nombre, ciudad) values (47, 'Hilary', 'Serov');
insert into clientes (cliente_id, nombre, ciudad) values (48, 'Beauregard', 'Usu');
insert into clientes (cliente_id, nombre, ciudad) values (49, 'Kenyon', 'Palykavichy Pyershyya');
insert into clientes (cliente_id, nombre, ciudad) values (50, 'Cynthia', 'Kigoma');
insert into clientes (cliente_id, nombre, ciudad) values (51, 'Avigdor', 'Peroguarda');
insert into clientes (cliente_id, nombre, ciudad) values (52, 'Dexter', 'Xinhe');
insert into clientes (cliente_id, nombre, ciudad) values (53, 'Lynnea', 'Sinhyeon');
insert into clientes (cliente_id, nombre, ciudad) values (54, 'Arluene', 'Gwangju');
insert into clientes (cliente_id, nombre, ciudad) values (55, 'Laverna', 'Chimboy Shahri');
insert into clientes (cliente_id, nombre, ciudad) values (56, 'Merrill', 'Rungis');
insert into clientes (cliente_id, nombre, ciudad) values (57, 'Nicko', 'Oni');
insert into clientes (cliente_id, nombre, ciudad) values (58, 'Mortie', 'Miskindzha');
insert into clientes (cliente_id, nombre, ciudad) values (59, 'Rori', 'Marseille');
insert into clientes (cliente_id, nombre, ciudad) values (60, 'Shelby', 'Chayek');
insert into clientes (cliente_id, nombre, ciudad) values (61, 'Julee', 'Dallas');
insert into clientes (cliente_id, nombre, ciudad) values (62, 'Bartie', 'Lakinsk');
insert into clientes (cliente_id, nombre, ciudad) values (63, 'Doroteya', 'Gorzyce');
insert into clientes (cliente_id, nombre, ciudad) values (64, 'Artemis', 'Akure');
insert into clientes (cliente_id, nombre, ciudad) values (65, 'Emmye', 'Kebon Tengah');
insert into clientes (cliente_id, nombre, ciudad) values (66, 'Evelina', 'Baicun');
insert into clientes (cliente_id, nombre, ciudad) values (67, 'Livvy', 'Vysokovsk');
insert into clientes (cliente_id, nombre, ciudad) values (68, 'Fara', 'Škofljica');
insert into clientes (cliente_id, nombre, ciudad) values (69, 'Tana', 'Lydenburg');
insert into clientes (cliente_id, nombre, ciudad) values (70, 'Leola', 'Subottsi');
insert into clientes (cliente_id, nombre, ciudad) values (71, 'Bobbye', 'Räpina');
insert into clientes (cliente_id, nombre, ciudad) values (72, 'Malory', 'Potiskum');
insert into clientes (cliente_id, nombre, ciudad) values (73, 'Nyssa', 'Bolekhiv');
insert into clientes (cliente_id, nombre, ciudad) values (74, 'Travis', 'Houzhai');
insert into clientes (cliente_id, nombre, ciudad) values (75, 'Mychal', 'Dobrzyca');
insert into clientes (cliente_id, nombre, ciudad) values (76, 'Fawne', 'Tiztoutine');
insert into clientes (cliente_id, nombre, ciudad) values (77, 'Julietta', 'Madīnat Sittah Uktūbar');
insert into clientes (cliente_id, nombre, ciudad) values (78, 'Edan', 'Niushou');
insert into clientes (cliente_id, nombre, ciudad) values (79, 'Salvador', 'Gampola');
insert into clientes (cliente_id, nombre, ciudad) values (80, 'Fifi', 'Cikomara');
insert into clientes (cliente_id, nombre, ciudad) values (81, 'Leland', 'Port Louis');
insert into clientes (cliente_id, nombre, ciudad) values (82, 'Dael', 'Chama');
insert into clientes (cliente_id, nombre, ciudad) values (83, 'Patton', 'Angers');
insert into clientes (cliente_id, nombre, ciudad) values (84, 'Chrystel', 'Kampánis');
insert into clientes (cliente_id, nombre, ciudad) values (85, 'Arlette', 'Uchimaru');
insert into clientes (cliente_id, nombre, ciudad) values (86, 'Lexy', 'Kudinovo');
insert into clientes (cliente_id, nombre, ciudad) values (87, 'Amery', 'Pag');
insert into clientes (cliente_id, nombre, ciudad) values (88, 'Emelyne', 'Utsjoki');
insert into clientes (cliente_id, nombre, ciudad) values (89, 'Webster', 'Salamá');
insert into clientes (cliente_id, nombre, ciudad) values (90, 'Antonie', 'Karanganyar');
insert into clientes (cliente_id, nombre, ciudad) values (91, 'Ray', 'Huxu');
insert into clientes (cliente_id, nombre, ciudad) values (92, 'Shari', 'Ulapes');
insert into clientes (cliente_id, nombre, ciudad) values (93, 'Tatum', 'Danderyd');
insert into clientes (cliente_id, nombre, ciudad) values (94, 'Julienne', 'Wuyang');
insert into clientes (cliente_id, nombre, ciudad) values (95, 'Agatha', 'Boleiros');
insert into clientes (cliente_id, nombre, ciudad) values (96, 'Carlee', 'Jinta');
insert into clientes (cliente_id, nombre, ciudad) values (97, 'Giulio', 'Bruzual');
insert into clientes (cliente_id, nombre, ciudad) values (98, 'Sascha', 'Valongo');
insert into clientes (cliente_id, nombre, ciudad) values (99, 'Hugh', 'Siheyuan');
insert into clientes (cliente_id, nombre, ciudad) values (100, 'Janek', 'Palestina');
INSERT INTO clientes (cliente_id, nombre, ciudad) VALUES
(101, 'Juan Pérez', 'Bogotá'),
(102, 'Ana Gómez', 'Medellín'),
(103, 'Carlos López', 'Cali'),
(104, 'María Torres', 'Barranquilla'),
(105, 'David Ramírez', 'Cartagena'),
(106, 'Laura Fernández', 'Bucaramanga'),
(107, 'Sofía Martínez', 'Pereira'),
(108, 'Andrés Ríos', 'Manizales'),
(109, 'Fernanda Castro', 'Cúcuta');




CREATE TABLE productos (
    producto_id SERIAL PRIMARY KEY,
    nombre VARCHAR(50),
    precio_unitario DECIMAL(10,2)
);

INSERT INTO productos (producto_id, nombre, precio_unitario) VALUES
(1, 'Laptop', 750.00),
(2, 'Teléfono', 500.00),
(3, 'Tablet', 300.00);
insert into productos (producto_id, nombre, precio_unitario) values (4, 'Loaf Pan - 2 Lb, Foil', 482.34);
insert into productos (producto_id, nombre, precio_unitario) values (5, 'Beef - Kindney, Whole', 419.22);
insert into productos (producto_id, nombre, precio_unitario) values (6, 'The Pop Shoppe - Black Cherry', 155.96);
insert into productos (producto_id, nombre, precio_unitario) values (7, 'Appetizer - Asian Shrimp Roll', 281.26);
insert into productos (producto_id, nombre, precio_unitario) values (8, 'Bacardi Mojito', 290.22);
insert into productos (producto_id, nombre, precio_unitario) values (9, 'Cake - Lemon Chiffon', 123.13);
insert into productos (producto_id, nombre, precio_unitario) values (10, 'Shrimp, Dried, Small / Lb', 353.91);
insert into productos (producto_id, nombre, precio_unitario) values (11, 'Olive - Spread Tapenade', 207.53);
insert into productos (producto_id, nombre, precio_unitario) values (12, 'Soda Water - Club Soda, 355 Ml', 103.98);
insert into productos (producto_id, nombre, precio_unitario) values (13, 'Cookie Trail Mix', 123.37);
insert into productos (producto_id, nombre, precio_unitario) values (14, 'Island Oasis - Lemonade', 417.62);
insert into productos (producto_id, nombre, precio_unitario) values (15, 'Plastic Wrap', 237.26);
insert into productos (producto_id, nombre, precio_unitario) values (16, 'Basil - Dry, Rubbed', 259.4);
insert into productos (producto_id, nombre, precio_unitario) values (17, 'Beer - Steamwhistle', 164.01);
insert into productos (producto_id, nombre, precio_unitario) values (18, 'Ecolab - Medallion', 177.45);
insert into productos (producto_id, nombre, precio_unitario) values (19, 'Bread - Malt', 359.18);
insert into productos (producto_id, nombre, precio_unitario) values (20, 'Sugar Thermometer', 331.48);
insert into productos (producto_id, nombre, precio_unitario) values (21, 'Bagel - 12 Grain Preslice', 195.32);
insert into productos (producto_id, nombre, precio_unitario) values (22, 'Pasta - Lasagne, Fresh', 110.22);
insert into productos (producto_id, nombre, precio_unitario) values (23, 'Parsley - Dried', 491.27);
insert into productos (producto_id, nombre, precio_unitario) values (24, 'Apple - Delicious, Golden', 126.57);
insert into productos (producto_id, nombre, precio_unitario) values (25, 'Beets - Candy Cane, Organic', 390.42);
insert into productos (producto_id, nombre, precio_unitario) values (26, 'Caviar - Salmon', 147.87);
insert into productos (producto_id, nombre, precio_unitario) values (27, 'Puree - Guava', 165.39);
insert into productos (producto_id, nombre, precio_unitario) values (28, 'Split Peas - Yellow, Dry', 439.35);
insert into productos (producto_id, nombre, precio_unitario) values (29, 'Seedlings - Mix, Organic', 231.97);
insert into productos (producto_id, nombre, precio_unitario) values (30, 'Yeast Dry - Fleischman', 170.93);
insert into productos (producto_id, nombre, precio_unitario) values (31, 'Truffle Shells - White Chocolate', 459.61);
insert into productos (producto_id, nombre, precio_unitario) values (32, 'Soup Campbells Turkey Veg.', 454.19);
insert into productos (producto_id, nombre, precio_unitario) values (33, 'Pepper - Scotch Bonnet', 429.07);
insert into productos (producto_id, nombre, precio_unitario) values (34, 'Pop Shoppe Cream Soda', 373.71);
insert into productos (producto_id, nombre, precio_unitario) values (35, 'Tart - Lemon', 104.64);
insert into productos (producto_id, nombre, precio_unitario) values (36, 'Cookies Oatmeal Raisin', 491.97);
insert into productos (producto_id, nombre, precio_unitario) values (37, 'Soup Campbells Mexicali Tortilla', 389.44);
insert into productos (producto_id, nombre, precio_unitario) values (38, 'Cardamon Ground', 118.11);
insert into productos (producto_id, nombre, precio_unitario) values (39, 'Liqueur - Melon', 128.26);
insert into productos (producto_id, nombre, precio_unitario) values (40, 'Appetizer - Veg Assortment', 137.81);
insert into productos (producto_id, nombre, precio_unitario) values (41, 'Wine - Magnotta, Merlot Sr Vqa', 357.49);
insert into productos (producto_id, nombre, precio_unitario) values (42, 'Rabbit - Saddles', 488.95);
insert into productos (producto_id, nombre, precio_unitario) values (43, 'Beef - Ox Tongue', 175.11);
insert into productos (producto_id, nombre, precio_unitario) values (44, 'Mushroom - Morel Frozen', 423.52);
insert into productos (producto_id, nombre, precio_unitario) values (45, 'Muffin Chocolate Individual Wrap', 115.51);
insert into productos (producto_id, nombre, precio_unitario) values (46, 'Oysters - Smoked', 389.21);
insert into productos (producto_id, nombre, precio_unitario) values (47, 'Wakami Seaweed', 101.66);
insert into productos (producto_id, nombre, precio_unitario) values (48, 'Beer - Tetleys', 222.19);
insert into productos (producto_id, nombre, precio_unitario) values (49, 'Food Colouring - Red', 307.09);
insert into productos (producto_id, nombre, precio_unitario) values (50, 'Dehydrated Kelp Kombo', 178.17);
insert into productos (producto_id, nombre, precio_unitario) values (51, 'Wine - Two Oceans Cabernet', 295.71);
insert into productos (producto_id, nombre, precio_unitario) values (52, 'Container - Clear 16 Oz', 143.23);
insert into productos (producto_id, nombre, precio_unitario) values (53, 'Bread - 10 Grain Parisian', 197.04);
insert into productos (producto_id, nombre, precio_unitario) values (54, 'Green Scrubbie Pad H.duty', 414.38);
insert into productos (producto_id, nombre, precio_unitario) values (55, 'Veal - Osso Bucco', 337.12);
insert into productos (producto_id, nombre, precio_unitario) values (56, 'Wine - Baron De Rothschild', 497.68);
insert into productos (producto_id, nombre, precio_unitario) values (57, 'Mahi Mahi', 404.65);
insert into productos (producto_id, nombre, precio_unitario) values (58, 'Wine - Redchard Merritt', 188.5);
insert into productos (producto_id, nombre, precio_unitario) values (59, 'Wine - Segura Viudas Aria Brut', 118.26);
insert into productos (producto_id, nombre, precio_unitario) values (60, 'Energy Drink', 360.27);
insert into productos (producto_id, nombre, precio_unitario) values (61, 'Tea - Mint', 376.21);
insert into productos (producto_id, nombre, precio_unitario) values (62, 'Potatoes - Yukon Gold, 80 Ct', 454.51);
insert into productos (producto_id, nombre, precio_unitario) values (63, 'Wine - Chablis J Moreau Et Fils', 457.97);
insert into productos (producto_id, nombre, precio_unitario) values (64, 'Lemonade - Pineapple Passion', 481.25);
insert into productos (producto_id, nombre, precio_unitario) values (65, 'Pork - Ham, Virginia', 258.63);
insert into productos (producto_id, nombre, precio_unitario) values (66, 'Kiwi Gold Zespri', 111.84);
insert into productos (producto_id, nombre, precio_unitario) values (67, 'Chinese Lemon Pork', 213.44);
insert into productos (producto_id, nombre, precio_unitario) values (68, 'Versatainer Nc - 8288', 390.46);
insert into productos (producto_id, nombre, precio_unitario) values (69, 'Beer - Guiness', 415.21);
insert into productos (producto_id, nombre, precio_unitario) values (70, 'Melon - Honey Dew', 189.42);
insert into productos (producto_id, nombre, precio_unitario) values (71, 'Cucumber - Pickling Ontario', 451.58);
insert into productos (producto_id, nombre, precio_unitario) values (72, 'Soup - Campbells, Beef Barley', 352.12);
insert into productos (producto_id, nombre, precio_unitario) values (73, 'Cake Circle, Foil, Scallop', 446.94);
insert into productos (producto_id, nombre, precio_unitario) values (74, 'Truffle - Peelings', 424.79);
insert into productos (producto_id, nombre, precio_unitario) values (75, 'Cheese - Cheddar, Mild', 495.54);
insert into productos (producto_id, nombre, precio_unitario) values (76, 'Cookies Almond Hazelnut', 268.52);
insert into productos (producto_id, nombre, precio_unitario) values (77, 'Pork - Tenderloin, Frozen', 272.48);
insert into productos (producto_id, nombre, precio_unitario) values (78, 'Chestnuts - Whole,canned', 462.56);
insert into productos (producto_id, nombre, precio_unitario) values (79, 'Cake - Bande Of Fruit', 456.78);
insert into productos (producto_id, nombre, precio_unitario) values (80, 'Tomatillo', 436.93);
insert into productos (producto_id, nombre, precio_unitario) values (81, 'Yogurt - Cherry, 175 Gr', 470.19);
insert into productos (producto_id, nombre, precio_unitario) values (82, 'Ham - Cooked', 116.83);
insert into productos (producto_id, nombre, precio_unitario) values (83, 'Urban Zen Drinks', 345.19);
insert into productos (producto_id, nombre, precio_unitario) values (84, 'Raisin - Dark', 242.65);
insert into productos (producto_id, nombre, precio_unitario) values (85, 'Lidsoupcont Rp12dn', 149.48);
insert into productos (producto_id, nombre, precio_unitario) values (86, 'Greens Mustard', 205.17);
insert into productos (producto_id, nombre, precio_unitario) values (87, 'Seaweed Green Sheets', 260.41);
insert into productos (producto_id, nombre, precio_unitario) values (88, 'Carrots - Mini Red Organic', 182.34);
insert into productos (producto_id, nombre, precio_unitario) values (89, 'Curry Paste - Madras', 405.55);
insert into productos (producto_id, nombre, precio_unitario) values (90, 'Lid - 10,12,16 Oz', 111.47);
insert into productos (producto_id, nombre, precio_unitario) values (91, 'Shrimp - Black Tiger 8 - 12', 466.34);
insert into productos (producto_id, nombre, precio_unitario) values (92, 'Containter - 3oz Microwave Rect.', 283.59);
insert into productos (producto_id, nombre, precio_unitario) values (93, 'Wine - Rioja Campo Viejo', 424.21);
insert into productos (producto_id, nombre, precio_unitario) values (94, 'Wine - Guy Sage Touraine', 388.59);
insert into productos (producto_id, nombre, precio_unitario) values (95, 'Cilantro / Coriander - Fresh', 197.76);
insert into productos (producto_id, nombre, precio_unitario) values (96, 'Piping Jelly - All Colours', 432.32);
insert into productos (producto_id, nombre, precio_unitario) values (97, 'Lettuce Romaine Chopped', 482.47);
insert into productos (producto_id, nombre, precio_unitario) values (98, 'Gatorade - Lemon Lime', 349.79);
insert into productos (producto_id, nombre, precio_unitario) values (99, 'Arizona - Plum Green Tea', 341.43);
insert into productos (producto_id, nombre, precio_unitario) values (100, 'Wine - White, Chardonnay', 190.13);






CREATE TABLE ventas (
    id SERIAL PRIMARY KEY,
    producto_id INT REFERENCES productos(producto_id),
    cliente_id INT REFERENCES clientes(cliente_id),
    fecha_venta DATE,
    monto DECIMAL(10,2),
    cantidad INT
);

INSERT INTO ventas (producto_id, cliente_id, fecha_venta, monto, cantidad) VALUES
(1, 101, '2024-01-10', 150.00, 2),
(2, 102, '2024-01-15', 200.00, 3),
(3, 103, '2024-02-01', 300.00, 4),
(1, 104, '2024-02-05', 180.00, 3),
(2, 105, '2024-02-20', 220.00, 5),
(3, 106, '2024-03-10', 310.00, 6),
(1, 107, '2024-03-15', 170.00, 2),
(2, 108, '2024-04-05', 250.00, 4),
(3, 109, '2024-04-20', 290.00, 3);

insert into ventas (id, producto_id, cliente_id, fecha_venta, monto, cantidad) values (10, 47, 68, '2023-08-30', 1078.13, 7);
insert into ventas (id, producto_id, cliente_id, fecha_venta, monto, cantidad) values (11, 47, 45, '2024-12-18', 425.64, 11);
insert into ventas (id, producto_id, cliente_id, fecha_venta, monto, cantidad) values (12, 3, 50, '2023-07-25', 1192.09, 9);
insert into ventas (id, producto_id, cliente_id, fecha_venta, monto, cantidad) values (13, 100, 105, '2024-11-16', 1150.52, 9);
insert into ventas (id, producto_id, cliente_id, fecha_venta, monto, cantidad) values (14, 8, 97, '2023-05-27', 857.4, 1);
insert into ventas (id, producto_id, cliente_id, fecha_venta, monto, cantidad) values (15, 77, 107, '2023-12-06', 633.17, 3);
insert into ventas (id, producto_id, cliente_id, fecha_venta, monto, cantidad) values (16, 14, 25, '2023-10-18', 920.02, 3);
insert into ventas (id, producto_id, cliente_id, fecha_venta, monto, cantidad) values (17, 8, 45, '2023-08-05', 365.33, 4);
insert into ventas (id, producto_id, cliente_id, fecha_venta, monto, cantidad) values (18, 35, 64, '2024-08-21', 159.0, 1);
insert into ventas (id, producto_id, cliente_id, fecha_venta, monto, cantidad) values (19, 93, 101, '2023-08-02', 282.12, 2);
insert into ventas (id, producto_id, cliente_id, fecha_venta, monto, cantidad) values (20, 56, 80, '2024-07-28', 145.71, 7);
insert into ventas (id, producto_id, cliente_id, fecha_venta, monto, cantidad) values (21, 91, 22, '2025-01-12', 839.3, 7);
insert into ventas (id, producto_id, cliente_id, fecha_venta, monto, cantidad) values (22, 11, 74, '2023-02-23', 999.87, 6);
insert into ventas (id, producto_id, cliente_id, fecha_venta, monto, cantidad) values (23, 45, 7, '2023-01-12', 428.25, 4);
insert into ventas (id, producto_id, cliente_id, fecha_venta, monto, cantidad) values (24, 10, 4, '2023-07-20', 950.87, 2);
insert into ventas (id, producto_id, cliente_id, fecha_venta, monto, cantidad) values (25, 95, 90, '2025-01-29', 284.09, 1);
insert into ventas (id, producto_id, cliente_id, fecha_venta, monto, cantidad) values (26, 97, 15, '2025-01-11', 785.08, 4);
insert into ventas (id, producto_id, cliente_id, fecha_venta, monto, cantidad) values (27, 35, 43, '2023-04-08', 850.54, 4);
insert into ventas (id, producto_id, cliente_id, fecha_venta, monto, cantidad) values (28, 82, 99, '2024-12-28', 1060.38, 10);
insert into ventas (id, producto_id, cliente_id, fecha_venta, monto, cantidad) values (29, 38, 19, '2023-07-18', 1156.69, 4);
insert into ventas (id, producto_id, cliente_id, fecha_venta, monto, cantidad) values (30, 67, 12, '2024-10-31', 736.47, 7);
insert into ventas (id, producto_id, cliente_id, fecha_venta, monto, cantidad) values (31, 4, 74, '2023-11-30', 809.39, 5);
insert into ventas (id, producto_id, cliente_id, fecha_venta, monto, cantidad) values (32, 23, 102, '2023-03-11', 532.34, 4);
insert into ventas (id, producto_id, cliente_id, fecha_venta, monto, cantidad) values (33, 88, 52, '2024-01-12', 647.55, 7);
insert into ventas (id, producto_id, cliente_id, fecha_venta, monto, cantidad) values (34, 42, 42, '2024-01-11', 1017.56, 10);
insert into ventas (id, producto_id, cliente_id, fecha_venta, monto, cantidad) values (35, 41, 64, '2023-07-09', 523.49, 8);
insert into ventas (id, producto_id, cliente_id, fecha_venta, monto, cantidad) values (36, 5, 62, '2024-11-12', 198.96, 4);
insert into ventas (id, producto_id, cliente_id, fecha_venta, monto, cantidad) values (37, 10, 43, '2024-06-07', 566.89, 7);
insert into ventas (id, producto_id, cliente_id, fecha_venta, monto, cantidad) values (38, 19, 26, '2024-09-15', 231.6, 2);
insert into ventas (id, producto_id, cliente_id, fecha_venta, monto, cantidad) values (39, 61, 32, '2024-12-08', 280.25, 10);
insert into ventas (id, producto_id, cliente_id, fecha_venta, monto, cantidad) values (40, 71, 83, '2024-12-12', 809.93, 10);
insert into ventas (id, producto_id, cliente_id, fecha_venta, monto, cantidad) values (41, 41, 28, '2024-02-27', 902.56, 10);
insert into ventas (id, producto_id, cliente_id, fecha_venta, monto, cantidad) values (42, 97, 105, '2023-03-11', 1119.33, 6);
insert into ventas (id, producto_id, cliente_id, fecha_venta, monto, cantidad) values (43, 99, 107, '2023-06-06', 922.38, 2);
insert into ventas (id, producto_id, cliente_id, fecha_venta, monto, cantidad) values (44, 28, 7, '2023-01-13', 541.84, 1);
insert into ventas (id, producto_id, cliente_id, fecha_venta, monto, cantidad) values (45, 6, 38, '2023-05-16', 374.6, 6);
insert into ventas (id, producto_id, cliente_id, fecha_venta, monto, cantidad) values (46, 1, 38, '2024-11-12', 751.52, 11);
insert into ventas (id, producto_id, cliente_id, fecha_venta, monto, cantidad) values (47, 95, 99, '2023-12-05', 782.85, 9);
insert into ventas (id, producto_id, cliente_id, fecha_venta, monto, cantidad) values (48, 79, 89, '2023-05-11', 458.99, 3);
insert into ventas (id, producto_id, cliente_id, fecha_venta, monto, cantidad) values (49, 91, 38, '2024-05-21', 791.09, 10);
insert into ventas (id, producto_id, cliente_id, fecha_venta, monto, cantidad) values (50, 84, 32, '2024-06-30', 710.04, 10);
insert into ventas (id, producto_id, cliente_id, fecha_venta, monto, cantidad) values (51, 36, 6, '2023-03-17', 236.09, 11);
insert into ventas (id, producto_id, cliente_id, fecha_venta, monto, cantidad) values (52, 90, 28, '2024-11-17', 625.25, 3);
insert into ventas (id, producto_id, cliente_id, fecha_venta, monto, cantidad) values (53, 86, 73, '2024-03-19', 726.78, 6);
insert into ventas (id, producto_id, cliente_id, fecha_venta, monto, cantidad) values (54, 7, 30, '2024-10-08', 1116.31, 12);
insert into ventas (id, producto_id, cliente_id, fecha_venta, monto, cantidad) values (55, 56, 82, '2024-01-29', 204.68, 8);
insert into ventas (id, producto_id, cliente_id, fecha_venta, monto, cantidad) values (56, 92, 62, '2023-04-19', 1123.18, 11);
insert into ventas (id, producto_id, cliente_id, fecha_venta, monto, cantidad) values (57, 26, 83, '2023-12-07', 232.0, 8);
insert into ventas (id, producto_id, cliente_id, fecha_venta, monto, cantidad) values (58, 69, 52, '2023-11-18', 392.75, 9);
insert into ventas (id, producto_id, cliente_id, fecha_venta, monto, cantidad) values (59, 69, 10, '2024-11-30', 636.78, 10);
insert into ventas (id, producto_id, cliente_id, fecha_venta, monto, cantidad) values (60, 23, 33, '2023-05-17', 320.18, 2);
insert into ventas (id, producto_id, cliente_id, fecha_venta, monto, cantidad) values (61, 12, 100, '2023-10-13', 495.79, 3);
insert into ventas (id, producto_id, cliente_id, fecha_venta, monto, cantidad) values (62, 23, 28, '2024-02-04', 1048.85, 8);
insert into ventas (id, producto_id, cliente_id, fecha_venta, monto, cantidad) values (63, 93, 97, '2024-03-29', 344.52, 3);
insert into ventas (id, producto_id, cliente_id, fecha_venta, monto, cantidad) values (64, 33, 65, '2023-10-03', 667.92, 3);
insert into ventas (id, producto_id, cliente_id, fecha_venta, monto, cantidad) values (65, 19, 19, '2024-05-19', 1123.83, 5);
insert into ventas (id, producto_id, cliente_id, fecha_venta, monto, cantidad) values (66, 5, 104, '2024-03-02', 856.58, 10);
insert into ventas (id, producto_id, cliente_id, fecha_venta, monto, cantidad) values (67, 78, 87, '2023-04-16', 656.9, 2);
insert into ventas (id, producto_id, cliente_id, fecha_venta, monto, cantidad) values (68, 4, 54, '2024-11-20', 961.72, 8);
insert into ventas (id, producto_id, cliente_id, fecha_venta, monto, cantidad) values (69, 84, 18, '2023-01-02', 397.21, 2);
insert into ventas (id, producto_id, cliente_id, fecha_venta, monto, cantidad) values (70, 39, 78, '2023-08-03', 1104.43, 1);
insert into ventas (id, producto_id, cliente_id, fecha_venta, monto, cantidad) values (71, 74, 5, '2023-11-21', 1088.64, 10);
insert into ventas (id, producto_id, cliente_id, fecha_venta, monto, cantidad) values (72, 58, 32, '2023-10-11', 1163.88, 3);
insert into ventas (id, producto_id, cliente_id, fecha_venta, monto, cantidad) values (73, 30, 64, '2023-12-01', 871.1, 2);
insert into ventas (id, producto_id, cliente_id, fecha_venta, monto, cantidad) values (74, 16, 78, '2023-10-15', 177.14, 1);
insert into ventas (id, producto_id, cliente_id, fecha_venta, monto, cantidad) values (75, 22, 22, '2024-04-30', 598.45, 10);
insert into ventas (id, producto_id, cliente_id, fecha_venta, monto, cantidad) values (76, 37, 4, '2023-06-26', 639.47, 5);
insert into ventas (id, producto_id, cliente_id, fecha_venta, monto, cantidad) values (77, 50, 40, '2024-02-01', 1151.03, 7);
insert into ventas (id, producto_id, cliente_id, fecha_venta, monto, cantidad) values (78, 57, 80, '2024-11-06', 1146.36, 7);
insert into ventas (id, producto_id, cliente_id, fecha_venta, monto, cantidad) values (79, 17, 75, '2023-12-08', 581.07, 11);
insert into ventas (id, producto_id, cliente_id, fecha_venta, monto, cantidad) values (80, 67, 2, '2024-08-21', 1174.65, 11);
insert into ventas (id, producto_id, cliente_id, fecha_venta, monto, cantidad) values (81, 2, 40, '2023-12-13', 209.73, 10);
insert into ventas (id, producto_id, cliente_id, fecha_venta, monto, cantidad) values (82, 83, 91, '2023-12-05', 1056.49, 10);
insert into ventas (id, producto_id, cliente_id, fecha_venta, monto, cantidad) values (83, 22, 13, '2023-08-20', 948.41, 6);
insert into ventas (id, producto_id, cliente_id, fecha_venta, monto, cantidad) values (84, 41, 74, '2023-11-18', 548.47, 8);
insert into ventas (id, producto_id, cliente_id, fecha_venta, monto, cantidad) values (85, 99, 57, '2024-05-10', 419.75, 8);
insert into ventas (id, producto_id, cliente_id, fecha_venta, monto, cantidad) values (86, 88, 45, '2024-09-11', 863.18, 7);
insert into ventas (id, producto_id, cliente_id, fecha_venta, monto, cantidad) values (87, 63, 50, '2024-11-19', 962.9, 9);
insert into ventas (id, producto_id, cliente_id, fecha_venta, monto, cantidad) values (88, 64, 29, '2024-10-04', 750.37, 1);
insert into ventas (id, producto_id, cliente_id, fecha_venta, monto, cantidad) values (89, 54, 77, '2023-02-24', 918.42, 5);
insert into ventas (id, producto_id, cliente_id, fecha_venta, monto, cantidad) values (90, 50, 95, '2024-07-30', 801.49, 8);
insert into ventas (id, producto_id, cliente_id, fecha_venta, monto, cantidad) values (91, 23, 77, '2023-04-03', 966.35, 5);
insert into ventas (id, producto_id, cliente_id, fecha_venta, monto, cantidad) values (92, 42, 78, '2023-12-14', 354.88, 11);
insert into ventas (id, producto_id, cliente_id, fecha_venta, monto, cantidad) values (93, 40, 102, '2023-03-19', 389.84, 3);
insert into ventas (id, producto_id, cliente_id, fecha_venta, monto, cantidad) values (94, 83, 3, '2023-07-03', 1152.25, 12);
insert into ventas (id, producto_id, cliente_id, fecha_venta, monto, cantidad) values (95, 60, 20, '2024-10-26', 365.69, 12);
insert into ventas (id, producto_id, cliente_id, fecha_venta, monto, cantidad) values (96, 31, 56, '2023-10-08', 967.26, 10);
insert into ventas (id, producto_id, cliente_id, fecha_venta, monto, cantidad) values (97, 80, 60, '2023-01-29', 660.22, 8);
insert into ventas (id, producto_id, cliente_id, fecha_venta, monto, cantidad) values (98, 69, 108, '2023-07-19', 742.55, 7);
insert into ventas (id, producto_id, cliente_id, fecha_venta, monto, cantidad) values (99, 36, 75, '2023-11-18', 913.53, 7);
insert into ventas (id, producto_id, cliente_id, fecha_venta, monto, cantidad) values (100, 37, 12, '2023-02-11', 183.69, 1);





CREATE TABLE empleados (
    empleado_id SERIAL PRIMARY KEY,
    nombre VARCHAR(50),
    puesto VARCHAR(50),
    salario DECIMAL(10,2)
);

INSERT INTO empleados (empleado_id, nombre, puesto, salario) VALUES
(1, 'Luis Méndez', 'Vendedor', 2500.00),
(2, 'Carla Rivas', 'Vendedor', 2600.00),
(3, 'Pedro Salas', 'Gerente', 5000.00);
insert into empleados (empleado_id, nombre, puesto, salario) values (4, 'Thurston', 'Trippledex', 852.97);
insert into empleados (empleado_id, nombre, puesto, salario) values (5, 'Jose', 'Temp', 578.74);
insert into empleados (empleado_id, nombre, puesto, salario) values (6, 'Petronella', 'Bytecard', 276.18);
insert into empleados (empleado_id, nombre, puesto, salario) values (7, 'Nehemiah', 'Zoolab', 643.47);
insert into empleados (empleado_id, nombre, puesto, salario) values (8, 'Bonita', 'Y-Solowarm', 404.15);
insert into empleados (empleado_id, nombre, puesto, salario) values (9, 'Kala', 'Voyatouch', 707.18);
insert into empleados (empleado_id, nombre, puesto, salario) values (10, 'Rene', 'Ronstring', 928.98);
insert into empleados (empleado_id, nombre, puesto, salario) values (11, 'Boone', 'Alpha', 390.65);
insert into empleados (empleado_id, nombre, puesto, salario) values (12, 'Fernando', 'Regrant', 820.38);
insert into empleados (empleado_id, nombre, puesto, salario) values (13, 'Tildi', 'Sonsing', 854.1);
insert into empleados (empleado_id, nombre, puesto, salario) values (14, 'Athene', 'Tresom', 661.28);
insert into empleados (empleado_id, nombre, puesto, salario) values (15, 'Morganica', 'Konklab', 832.76);
insert into empleados (empleado_id, nombre, puesto, salario) values (16, 'Ania', 'Toughjoyfax', 780.46);
insert into empleados (empleado_id, nombre, puesto, salario) values (17, 'Cristabel', 'Y-find', 333.51);
insert into empleados (empleado_id, nombre, puesto, salario) values (18, 'Korey', 'Treeflex', 816.06);
insert into empleados (empleado_id, nombre, puesto, salario) values (19, 'Gisella', 'Asoka', 582.54);
insert into empleados (empleado_id, nombre, puesto, salario) values (20, 'Rozele', 'Stringtough', 732.67);
insert into empleados (empleado_id, nombre, puesto, salario) values (21, 'Corenda', 'Job', 413.81);
insert into empleados (empleado_id, nombre, puesto, salario) values (22, 'Malory', 'Latlux', 517.14);
insert into empleados (empleado_id, nombre, puesto, salario) values (23, 'Archibaldo', 'Stronghold', 508.65);
insert into empleados (empleado_id, nombre, puesto, salario) values (24, 'Matt', 'Zoolab', 701.48);
insert into empleados (empleado_id, nombre, puesto, salario) values (25, 'Wren', 'Toughjoyfax', 849.03);
insert into empleados (empleado_id, nombre, puesto, salario) values (26, 'Michele', 'Pannier', 228.82);
insert into empleados (empleado_id, nombre, puesto, salario) values (27, 'Winifield', 'Cardify', 249.4);
insert into empleados (empleado_id, nombre, puesto, salario) values (28, 'Jilleen', 'Wrapsafe', 488.84);
insert into empleados (empleado_id, nombre, puesto, salario) values (29, 'Jerrie', 'Toughjoyfax', 300.02);
insert into empleados (empleado_id, nombre, puesto, salario) values (30, 'Hobart', 'Matsoft', 910.91);
insert into empleados (empleado_id, nombre, puesto, salario) values (31, 'Priscilla', 'Aerified', 521.36);
insert into empleados (empleado_id, nombre, puesto, salario) values (32, 'Charlene', 'Mat Lam Tam', 745.58);
insert into empleados (empleado_id, nombre, puesto, salario) values (33, 'Alyson', 'It', 332.89);
insert into empleados (empleado_id, nombre, puesto, salario) values (34, 'Shaine', 'Kanlam', 790.59);
insert into empleados (empleado_id, nombre, puesto, salario) values (35, 'Rachele', 'Subin', 211.05);
insert into empleados (empleado_id, nombre, puesto, salario) values (36, 'Colene', 'Andalax', 435.92);
insert into empleados (empleado_id, nombre, puesto, salario) values (37, 'Bobbie', 'Trippledex', 362.93);
insert into empleados (empleado_id, nombre, puesto, salario) values (38, 'Kathlin', 'Redhold', 460.38);
insert into empleados (empleado_id, nombre, puesto, salario) values (39, 'Schuyler', 'Asoka', 275.05);
insert into empleados (empleado_id, nombre, puesto, salario) values (40, 'Cristi', 'Sub-Ex', 926.77);
insert into empleados (empleado_id, nombre, puesto, salario) values (41, 'Alexis', 'Transcof', 630.49);
insert into empleados (empleado_id, nombre, puesto, salario) values (42, 'Jermayne', 'Zontrax', 300.92);
insert into empleados (empleado_id, nombre, puesto, salario) values (43, 'Fielding', 'Mat Lam Tam', 651.28);
insert into empleados (empleado_id, nombre, puesto, salario) values (44, 'Glynis', 'Zontrax', 409.26);
insert into empleados (empleado_id, nombre, puesto, salario) values (45, 'Alva', 'Viva', 655.06);
insert into empleados (empleado_id, nombre, puesto, salario) values (46, 'Miriam', 'Zamit', 405.21);
insert into empleados (empleado_id, nombre, puesto, salario) values (47, 'Brendon', 'Gembucket', 342.27);
insert into empleados (empleado_id, nombre, puesto, salario) values (48, 'Denys', 'Treeflex', 418.43);
insert into empleados (empleado_id, nombre, puesto, salario) values (49, 'Felicity', 'Konklux', 588.89);
insert into empleados (empleado_id, nombre, puesto, salario) values (50, 'Lottie', 'Flexidy', 765.1);
insert into empleados (empleado_id, nombre, puesto, salario) values (51, 'Natividad', 'Alphazap', 477.34);
insert into empleados (empleado_id, nombre, puesto, salario) values (52, 'Markus', 'Regrant', 717.98);
insert into empleados (empleado_id, nombre, puesto, salario) values (53, 'Merralee', 'Konklux', 976.05);
insert into empleados (empleado_id, nombre, puesto, salario) values (54, 'Walker', 'Zamit', 979.67);
insert into empleados (empleado_id, nombre, puesto, salario) values (55, 'Gregor', 'Alpha', 804.69);
insert into empleados (empleado_id, nombre, puesto, salario) values (56, 'Maegan', 'Span', 747.71);
insert into empleados (empleado_id, nombre, puesto, salario) values (57, 'Ingram', 'Stringtough', 663.67);
insert into empleados (empleado_id, nombre, puesto, salario) values (58, 'Graehme', 'Pannier', 337.57);
insert into empleados (empleado_id, nombre, puesto, salario) values (59, 'Kimmie', 'Kanlam', 395.42);
insert into empleados (empleado_id, nombre, puesto, salario) values (60, 'Kandace', 'Regrant', 763.59);
insert into empleados (empleado_id, nombre, puesto, salario) values (61, 'Janeta', 'Cookley', 226.75);
insert into empleados (empleado_id, nombre, puesto, salario) values (62, 'Gaile', 'Tres-Zap', 406.17);
insert into empleados (empleado_id, nombre, puesto, salario) values (63, 'Essy', 'Bitwolf', 373.77);
insert into empleados (empleado_id, nombre, puesto, salario) values (64, 'Aron', 'Redhold', 555.32);
insert into empleados (empleado_id, nombre, puesto, salario) values (65, 'Janet', 'Trippledex', 459.6);
insert into empleados (empleado_id, nombre, puesto, salario) values (66, 'Emiline', 'Ronstring', 296.9);
insert into empleados (empleado_id, nombre, puesto, salario) values (67, 'Shellysheldon', 'Bitchip', 213.59);
insert into empleados (empleado_id, nombre, puesto, salario) values (68, 'Raimundo', 'Overhold', 810.57);
insert into empleados (empleado_id, nombre, puesto, salario) values (69, 'Kamillah', 'Sonsing', 847.51);
insert into empleados (empleado_id, nombre, puesto, salario) values (70, 'Giorgia', 'Home Ing', 617.08);
insert into empleados (empleado_id, nombre, puesto, salario) values (71, 'Lorenza', 'Alphazap', 410.32);
insert into empleados (empleado_id, nombre, puesto, salario) values (72, 'Valentia', 'Zaam-Dox', 745.12);
insert into empleados (empleado_id, nombre, puesto, salario) values (73, 'Luce', 'Wrapsafe', 986.99);
insert into empleados (empleado_id, nombre, puesto, salario) values (74, 'Riccardo', 'Fintone', 467.28);
insert into empleados (empleado_id, nombre, puesto, salario) values (75, 'Gayla', 'Cardguard', 467.78);
insert into empleados (empleado_id, nombre, puesto, salario) values (76, 'Claribel', 'Bigtax', 677.51);
insert into empleados (empleado_id, nombre, puesto, salario) values (77, 'Tarrance', 'Fix San', 498.83);
insert into empleados (empleado_id, nombre, puesto, salario) values (78, 'Gale', 'Ventosanzap', 725.34);
insert into empleados (empleado_id, nombre, puesto, salario) values (79, 'Cornelius', 'Redhold', 878.95);
insert into empleados (empleado_id, nombre, puesto, salario) values (80, 'Melvin', 'Voyatouch', 353.19);
insert into empleados (empleado_id, nombre, puesto, salario) values (81, 'Sheryl', 'Cookley', 568.71);
insert into empleados (empleado_id, nombre, puesto, salario) values (82, 'Nev', 'Otcom', 649.04);
insert into empleados (empleado_id, nombre, puesto, salario) values (83, 'Balduin', 'Matsoft', 461.0);
insert into empleados (empleado_id, nombre, puesto, salario) values (84, 'Gipsy', 'Job', 963.08);
insert into empleados (empleado_id, nombre, puesto, salario) values (85, 'Jo', 'Andalax', 578.01);
insert into empleados (empleado_id, nombre, puesto, salario) values (86, 'Philbert', 'Hatity', 366.28);
insert into empleados (empleado_id, nombre, puesto, salario) values (87, 'Remus', 'Viva', 799.97);
insert into empleados (empleado_id, nombre, puesto, salario) values (88, 'Pattin', 'Job', 370.99);
insert into empleados (empleado_id, nombre, puesto, salario) values (89, 'Gerrie', 'Ronstring', 887.43);
insert into empleados (empleado_id, nombre, puesto, salario) values (90, 'Tabor', 'Bamity', 708.63);
insert into empleados (empleado_id, nombre, puesto, salario) values (91, 'Frayda', 'Zoolab', 482.01);
insert into empleados (empleado_id, nombre, puesto, salario) values (92, 'Chris', 'Aerified', 603.35);
insert into empleados (empleado_id, nombre, puesto, salario) values (93, 'Elsbeth', 'Tres-Zap', 529.62);
insert into empleados (empleado_id, nombre, puesto, salario) values (94, 'Franklin', 'Konklab', 216.36);
insert into empleados (empleado_id, nombre, puesto, salario) values (95, 'Kimble', 'Rank', 617.31);
insert into empleados (empleado_id, nombre, puesto, salario) values (96, 'Penni', 'Fintone', 771.74);
insert into empleados (empleado_id, nombre, puesto, salario) values (97, 'Austina', 'Tempsoft', 446.76);
insert into empleados (empleado_id, nombre, puesto, salario) values (98, 'Hewet', 'Matsoft', 871.84);
insert into empleados (empleado_id, nombre, puesto, salario) values (99, 'Armstrong', 'Fix San', 449.75);
insert into empleados (empleado_id, nombre, puesto, salario) values (100, 'Ado', 'Fix San', 845.08);

CREATE TABLE detalle_ventas (
    detalle_id SERIAL PRIMARY KEY,
    venta_id INT REFERENCES ventas(id),
    producto_id INT REFERENCES productos(producto_id),
    cantidad INT,
    precio_unitario DECIMAL(10,2),
    subtotal DECIMAL(10,2)
);

INSERT INTO detalle_ventas (venta_id, producto_id, cantidad, precio_unitario, subtotal) VALUES
(1, 1, 2, 750.00, 1500.00),
(2, 2, 3, 500.00, 1500.00),
(3, 3, 4, 300.00, 1200.00),
(4, 1, 3, 750.00, 2250.00),
(5, 2, 5, 500.00, 2500.00),
(6, 3, 6, 300.00, 1800.00),
(7, 1, 2, 750.00, 1500.00),
(8, 2, 4, 500.00, 2000.00),
(9, 3, 3, 300.00, 900.00);


---EJERCICIO 1---
WITH siguiente_venta AS (
    SELECT cl.nombre AS cliente,
	v.fecha_venta
	FROM ventas v
	INNER JOIN clientes cl
	ON cl.cliente_id = v.cliente_id
)
SELECT cliente, fecha_venta,
LEAD(fecha_venta, 1)OVER(PARTITION BY cliente) AS siguiente_mes
FROM siguiente_venta;

---EJERCICIO 2---
WITH siguiente_monto AS (
    SELECT 
	cl.nombre AS clientes,
	pr.nombre AS productos, 
	v.monto
	FROM ventas v
	INNER JOIN productos pr ON pr.producto_id = v.producto_id
	INNER JOIN clientes cl ON cl.cliente_id = v.cliente_id
)
SELECT clientes,productos, monto,
COALESCE (LEAD(monto, 1)OVER(PARTITION BY clientes),0) AS monto_futuro,
CASE 
    WHEN LEAD(monto, 1)OVER(PARTITION BY clientes) - monto IS NULL THEN '0'
	ELSE LEAD(monto, 1)OVER(PARTITION BY clientes) - monto
END AS diferencia
FROM siguiente_monto;

---EJERCICIO 3---
WITH pedido_cliente AS (
    SELECT 
	     cl.nombre AS clientes,
	     EXTRACT(MONTH FROM v.fecha_venta) AS mes,
	     EXTRACT(YEAR FROM v.fecha_venta) AS año,
	     v.monto
	FROM clientes cl
	INNER JOIN ventas v
	ON cl.cliente_id = v.cliente_id
)
SELECT clientes, mes, año, monto,
LEAD (monto, 1)OVER(PARTITION BY clientes ORDER BY mes , año) AS monto_futuro
FROM pedido_cliente
WHERE clientes = 'Artemis';

---EJERCICIO 4---
WITH fecha_por_dia AS (
    SELECT 
	     cl.nombre AS clientes,
		 v.fecha_venta,
		 LEAD(v.fecha_venta)OVER(PARTITION BY cl.nombre ORDER BY v.fecha_venta) AS fecha_futura
	FROM ventas v
	INNER JOIN clientes cl
	ON v.cliente_id = cl.cliente_id
)
SELECT clientes, fecha_venta, fecha_futura,
AGE(fecha_futura, fecha_venta) dia_diferencia
FROM fecha_por_dia
WHERE fecha_futura IS NOT NULL;

---EJERCICIO 5---
WITH ultima_venta AS (
    SELECT 
	     cl.nombre AS clientes,
		 v.fecha_venta,
		 LEAD(v.fecha_venta)OVER(PARTITION BY cl.nombre ORDER BY v.fecha_venta) AS fecha_futura
	FROM ventas v
	INNER JOIN clientes cl
	ON cl.cliente_id = v.cliente_id
)
SELECT clientes, fecha_venta, fecha_futura,
COUNT(clientes) AS num_veces
FROM ultima_venta
WHERE fecha_futura IS NULL
GROUP BY clientes, fecha_venta, fecha_futura;

---EJERCICIO 6---
WITH estado AS (
    SELECT 
	     cl.nombre AS clientes,
		 EXTRACT(MONTH FROM v.fecha_venta) AS mes,
		 EXTRACT(YEAR FROM v.fecha_venta) AS año,
		 v.monto
	FROM clientes cl
	INNER JOIN ventas v
	ON cl.cliente_id = v.cliente_id
)
SELECT clientes, mes, año, monto,
COALESCE (LEAD(monto)OVER(PARTITION BY clientes),0) AS futuro_monto,
CASE 
    WHEN monto > LEAD(monto)OVER(PARTITION BY clientes ORDER BY fecha_venta) THEN 'Bajo'
	WHEN monto < LEAD(monto)OVER(PARTITION BY clientes ORDER BY fecha_venta) THEN 'Subio'
	ELSE 'Igual'
END AS crecimiento
FROM estado;

---EJERCICIO 7---
WITH montos_futuros AS (
    SELECT cl.nombre AS clientes, 
	v.fecha_venta,
	v.monto
	FROM clientes cl
	INNER JOIN ventas v
	ON cl.cliente_id = v.cliente_id
)
SELECT DISTINCT clientes, fecha_venta, monto,
COALESCE (LEAD(monto, 1)OVER(PARTITION BY clientes ORDER BY fecha_venta),0) AS monto_siguiente,
COALESCE (LEAD(monto, 2)OVER(PARTITION BY clientes ORDER BY fecha_venta),0) AS monto_futuro
FROM montos_futuros;

---EJERCICIO 8---
WITH porcentaje_monto AS (
     SELECT cl.nombre AS clientes,
	 v.fecha_venta,
	 v.monto,
	 LEAD(v.monto)OVER(PARTITION BY cl.nombre ORDER BY v.fecha_venta) AS siguiente_monto
	 FROM clientes cl
	 INNER JOIN ventas v
	 ON cl.cliente_id = v.cliente_id
)
SELECT clientes, fecha_venta, monto, siguiente_monto,
CASE 
    WHEN siguiente_monto IS NOT NULL THEN
	ROUND((monto - siguiente_monto) / siguiente_monto * 100) 
END AS porcentaje
FROM porcentaje_monto;

---EJERCICIO 9---
WITH repeticion_monto AS (
    SELECT cl.nombre AS clientes,
	v.fecha_venta,
	v.monto,
	LEAD(monto, 1) OVER(PARTITION BY cl.nombre ORDER BY v.fecha_venta) AS monto_siguiente_1,
	LEAD(monto, 2) OVER(PARTITION BY cl.nombre ORDER BY v.fecha_venta) AS monto_siguiente_2
FROM clientes cl
INNER JOIN ventas v
ON cl.cliente_id = v.cliente_id	
)
SELECT clientes, fecha_venta, monto, monto_siguiente_1, monto_siguiente_2
FROM repeticion_monto
WHERE monto_siguiente_1 > monto AND monto_siguiente_2 > monto_siguiente_1;

---EJERCICIO 10---
SELECT cl.nombre AS clientes, v.fecha_venta, v.id,
LEAD (v.id)OVER(PARTITION BY cl.nombre ORDER BY v.fecha_venta) AS id_diferente
FROM ventas v
INNER JOIN clientes cl
ON v.cliente_id = cl.cliente_id;

---EJERCICIO 11---
WITH dias_diferencia AS (
    SELECT 
	cl.nombre AS clientes,
	v.fecha_venta,
	LEAD(v.fecha_venta)OVER(PARTITION BY cl.nombre ORDER BY v.fecha_venta) AS siguiente_venta
FROM clientes cl
INNER JOIN ventas v
ON cl.cliente_id = v.cliente_id
)
SELECT clientes, fecha_venta, siguiente_venta,
AGE(siguiente_venta, fecha_venta) AS diferencia_dias
FROM dias_diferencia
WHERE siguiente_venta IS NOT NULL;

---EJERCICIO 12---
WITH estado AS (
    SELECT 
	      cl.nombre AS clientes,
	      v.fecha_venta,
	      v.monto,
	      LEAD(v.monto)OVER(PARTITION BY cl.nombre ORDER BY v.fecha_venta) AS monto_futuro
	FROM ventas v
	INNER JOIN clientes cl
	ON cl.cliente_id = v.cliente_id
)
SELECT clientes, fecha_venta, monto, monto_futuro,
CASE 
    WHEN monto_futuro > monto THEN 'Subio'
	WHEN monto_futuro < monto THEN 'Bajo'
	ELSE 'Igual'
END AS estados
FROM estado;

---EJERCICIO 13---
WITH tablas AS (
    SELECT cl.nombre AS clientes,
	       v.fecha_venta,
	       v.monto,
	       LEAD(v.monto)OVER(PARTITION BY cl.nombre ORDER BY v.fecha_venta) AS monto_futuro,
		   v.monto - LEAD(v.monto)OVER(PARTITION BY cl.nombre ORDER BY v.fecha_venta) AS diferencia
	FROM clientes cl
	INNER JOIN ventas v
	ON cl.cliente_id = v.cliente_id
)
SELECT clientes, fecha_venta, monto, monto_futuro,
ROUND (AVG(diferencia) , 2) AS promedio_diferencia
FROM tablas
WHERE monto_futuro IS NOT NULL
GROUP BY clientes, fecha_venta, monto, monto_futuro;

---EJERCICIO 14---
WITH montos_futuros AS (
    SELECT cl.nombre AS clientes,
	       v.fecha_venta,
		   v.monto,
		   LEAD(v.monto, 1)OVER(PARTITION BY cl.nombre ORDER BY v.fecha_venta) AS monto_futuro_1,
		   LEAD(v.monto, 2)OVER(PARTITION BY cl.nombre ORDER BY v.fecha_venta) AS monto_futuro_2
	FROM clientes cl
	INNER JOIN ventas v
	ON cl.cliente_id = v.cliente_id
)
SELECT clientes, fecha_venta, monto, monto_futuro_1, monto_futuro_2
FROM montos_futuros
WHERE monto_futuro_2 IS NOT NULL;

---EJERCICIO 15---
WITH fechas_continuas AS (
    SELECT cl.nombre AS clientes,
	       v.fecha_venta AS fecha_inicial,
		   LEAD(v.fecha_venta) OVER (PARTITION BY cl.nombre ORDER BY v.fecha_venta) AS siguiente_fecha
	FROM clientes cl
	INNER JOIN ventas v
	ON cl.cliente_id = v.cliente_id
)
SELECT clientes, fecha_inicial, siguiente_fecha,
	   AGE(siguiente_fecha, fecha_inicial) AS diferencia_fechas
FROM fechas_continuas
WHERE AGE(siguiente_fecha, fecha_inicial) < INTERVAL '10 days';

---EJERCICIO 16---
WITH fechas AS (
    SELECT cl.nombre AS clientes,
	       v.fecha_venta,
	       EXTRACT(MONTH FROM v.fecha_venta) AS mes,
		   v.monto,
		   LEAD(v.monto)OVER(PARTITION BY cl.nombre ORDER BY v.fecha_venta) AS monto_mes_siguiente
	FROM ventas v
	INNER JOIN clientes cl
	ON v.cliente_id = cl.cliente_id
), 
fechas_mes AS (
SELECT clientes, monto, mes,
monto_mes_siguiente, COALESCE (LEAD(mes)OVER(PARTITION BY clientes ORDER BY mes), 0) AS mes_siguiente
FROM fechas
)
SELECT clientes, monto, mes, mes_siguiente, monto_mes_siguiente
FROM fechas_mes
WHERE monto_mes_siguiente IS NOT NULL AND mes_siguiente > 0 ;

---EJERCICIO 17---
WITH tendencia AS (
    SELECT cl.nombre AS clientes,
	       v.fecha_venta,
		   v.monto,
		   LEAD(v.monto)OVER(PARTITION BY cl.nombre ORDER BY v.fecha_venta) AS siguiente_monto
    FROM clientes cl
	INNER JOIN ventas v
	ON v.cliente_id = cl.cliente_id
)
SELECT clientes, fecha_venta, monto, siguiente_monto,
       CASE
	       WHEN monto > siguiente_monto THEN 'Disminuyo'
		   WHEN monto < siguiente_monto THEN 'Aumento'
		   ELSE 'Igual'
	   END AS estado
FROM tendencia
ORDER BY estado ASC;

---EJERCICIO 18---
SELECT cl.nombre AS clientes,
       v.fecha_venta,
	   LEAD(v.fecha_venta, 1)OVER(PARTITION BY cl.nombre ORDER BY v.fecha_venta) AS siguiente_venta_1,
	   LEAD(v.fecha_venta, 2)OVER(PARTITION BY cl.nombre ORDER BY v.fecha_venta) AS siguiente_venta_2
FROM clientes cl
INNER JOIN ventas v
ON cl.cliente_id = v.cliente_id;

---EJERCICIO 19---
SELECT cl.nombre AS clientes,
       v.fecha_venta,
	   CASE
	       WHEN LEAD(v.fecha_venta)OVER(PARTITION BY cl.nombre ORDER BY v.fecha_venta) IS NOT NULL THEN 'Sí'
		   ELSE 'No'
	   END AS estado
FROM clientes cl
INNER JOIN ventas v
ON v.cliente_id = cl.cliente_id
ORDER BY estado DESC;

---EJERCICIO 20---
WITH promedio AS (
     SELECT cl.nombre AS clientes,
	        v.fecha_venta,
	        v.monto,
			COALESCE (LEAD(v.monto, 1)OVER(PARTITION BY cl.nombre ORDER BY v.fecha_venta),0) AS siguiente_monto_1,
			COALESCE (LEAD(v.monto, 2)OVER(PARTITION BY cl.nombre ORDER BY v.fecha_venta),0) AS siguiente_monto_2
	 FROM clientes cl
	 INNER JOIN ventas v
	 ON v.cliente_id = cl.cliente_id
)
SELECT clientes, fecha_venta, monto, siguiente_monto_1, siguiente_monto_2,
      ROUND( AVG(monto + siguiente_monto_1 + siguiente_monto_2), 2) AS media_movil
FROM promedio
GROUP BY clientes, fecha_venta, monto, siguiente_monto_1, siguiente_monto_2;